{"p50": 0.01197052001953125, "p90": 0.012470006942749023, "p99": 0.013088359832763675}