{"p50": 0.0004153251647949219, "p90": 0.0005829334259033203, "p99": 0.0007126355171203614}