{"p50": 0.0061452388763427734, "p90": 0.006315016746520996, "p99": 0.006516220569610596}