{"p50": 0.00040602684020996094, "p90": 0.0005609989166259766, "p99": 0.0006699562072753906}